<?xml version="1.0" encoding="UTF-8" ?>

<PropertyList>
  <sim><model>
    <livery>
      <name>Japan Airlines (Retro Livery)</name>
      <texture>Liveries/MD-10P/JAL.png</texture>
      <registration>JA8546</registration>
    <has-center-gear type="bool">true</has-center-gear></livery>
  </model></sim>
<!--Some Background Information:
This aircraft, registered as JA8546, was the craft that was involved in the "JAL-Midair Incident" that took place on January 31, 2001 near Yaizu, Shizuoka, Japan. Due to ATC Failures, the 2 aircrafts (JA8546 and a JAL 747-400D reg.JA8904) passed by each other by only 135m (440 ft.) Noone was injured and everyone survived on the DC-10, although the passengers on the 747 suffered serious injuries and the aircraft was damaged significantly enough for it to divert to Tokyo Haneda.
-->
</PropertyList>
